2022-10-30 17:00:51.666112,"0,00",0,JAIR BOLSONARO,LULA,0,0,"00,00","00,00",0,0
2022-10-30 17:01:01.821929,"0,00",0,JAIR BOLSONARO,LULA,0,0,"00,00","00,00",0,0
2022-10-30 17:01:12.110111,"0,00",0,JAIR BOLSONARO,LULA,0,0,"00,00","00,00",0,0
2022-10-30 17:01:22.375991,"0,00",0,JAIR BOLSONARO,LULA,0,0,"00,00","00,00",0,0
2022-10-30 17:01:32.654585,"0,00",0,JAIR BOLSONARO,LULA,0,0,"00,00","00,00",0,0
2022-10-30 17:01:42.910215,"0,00",0,JAIR BOLSONARO,LULA,0,0,"00,00","00,00",0,0
2022-10-30 17:01:53.113922,"0,12",14.599999999999994,JAIR BOLSONARO,LULA,75561,101379,"42,70","57,30",42.7,57.3
2022-10-30 17:02:03.363215,"0,12",14.599999999999994,JAIR BOLSONARO,LULA,75561,101379,"42,70","57,30",42.7,57.3
2022-10-30 17:02:13.513716,"0,12",14.599999999999994,JAIR BOLSONARO,LULA,75577,101414,"42,70","57,30",42.7,57.3
2022-10-30 17:02:23.689900,"0,12",14.599999999999994,JAIR BOLSONARO,LULA,75577,101414,"42,70","57,30",42.7,57.3
2022-10-30 17:02:33.890004,"0,12",14.599999999999994,JAIR BOLSONARO,LULA,75577,101414,"42,70","57,30",42.7,57.3
2022-10-30 17:02:44.053951,"0,12",14.599999999999994,JAIR BOLSONARO,LULA,75577,101414,"42,70","57,30",42.7,57.3
2022-10-30 17:02:54.260171,"0,12",14.599999999999994,JAIR BOLSONARO,LULA,75577,101414,"42,70","57,30",42.7,57.3
2022-10-30 17:03:04.440844,"0,12",14.599999999999994,JAIR BOLSONARO,LULA,75577,101414,"42,70","57,30",42.7,57.3
2022-10-30 17:03:14.687473,"0,12",14.459999999999994,JAIR BOLSONARO,LULA,76242,102013,"42,77","57,23",0.07000000000000028,-0.07000000000000028
2022-10-30 17:03:24.866685,"0,12",14.459999999999994,JAIR BOLSONARO,LULA,76242,102013,"42,77","57,23",0.07000000000000028,-0.07000000000000028
2022-10-30 17:03:35.063368,"0,12",14.459999999999994,JAIR BOLSONARO,LULA,76242,102013,"42,77","57,23",0.07000000000000028,-0.07000000000000028
2022-10-30 17:03:45.337829,"0,12",14.459999999999994,JAIR BOLSONARO,LULA,76242,102013,"42,77","57,23",0.07000000000000028,-0.07000000000000028
2022-10-30 17:03:55.637466,"0,12",14.459999999999994,JAIR BOLSONARO,LULA,76242,102013,"42,77","57,23",0.07000000000000028,-0.07000000000000028
2022-10-30 17:04:05.914806,"0,12",14.459999999999994,JAIR BOLSONARO,LULA,76242,102013,"42,77","57,23",0.07000000000000028,-0.07000000000000028
2022-10-30 17:04:16.220237,"0,12",14.459999999999994,JAIR BOLSONARO,LULA,76242,102013,"42,77","57,23",0.07000000000000028,-0.07000000000000028
2022-10-30 17:04:26.441956,"0,12",14.14,JAIR BOLSONARO,LULA,77280,102714,"42,93","57,07",0.1599999999999966,-0.1599999999999966
2022-10-30 17:04:36.692524,"0,12",14.14,JAIR BOLSONARO,LULA,77280,102714,"42,93","57,07",0.1599999999999966,-0.1599999999999966
2022-10-30 17:04:46.872768,"0,12",14.14,JAIR BOLSONARO,LULA,77280,102714,"42,93","57,07",0.1599999999999966,-0.1599999999999966
2022-10-30 17:04:57.049718,"0,12",14.14,JAIR BOLSONARO,LULA,77280,102714,"42,93","57,07",0.1599999999999966,-0.1599999999999966
2022-10-30 17:05:07.306944,"0,12",14.14,JAIR BOLSONARO,LULA,77280,102714,"42,93","57,07",0.1599999999999966,-0.1599999999999966
2022-10-30 17:05:17.587140,"0,13",12.719999999999999,JAIR BOLSONARO,LULA,81946,105844,"43,64","56,36",0.7100000000000009,-0.7100000000000009
2022-10-30 17:05:27.728091,"0,13",12.719999999999999,JAIR BOLSONARO,LULA,81946,105844,"43,64","56,36",0.7100000000000009,-0.7100000000000009
2022-10-30 17:05:37.979602,"0,13",12.719999999999999,JAIR BOLSONARO,LULA,81946,105844,"43,64","56,36",0.7100000000000009,-0.7100000000000009
2022-10-30 17:05:48.239811,"0,13",12.719999999999999,JAIR BOLSONARO,LULA,81946,105844,"43,64","56,36",0.7100000000000009,-0.7100000000000009
2022-10-30 17:05:58.489722,"0,13",12.719999999999999,JAIR BOLSONARO,LULA,81946,105844,"43,64","56,36",0.7100000000000009,-0.7100000000000009
2022-10-30 17:06:08.739729,"0,13",12.719999999999999,JAIR BOLSONARO,LULA,81946,105844,"43,64","56,36",0.7100000000000009,-0.7100000000000009
2022-10-30 17:06:18.989648,"0,13",12.719999999999999,JAIR BOLSONARO,LULA,81946,105844,"43,64","56,36",0.7100000000000009,-0.7100000000000009
2022-10-30 17:06:29.237718,"0,13",12.719999999999999,JAIR BOLSONARO,LULA,81946,105844,"43,64","56,36",0.7100000000000009,-0.7100000000000009
2022-10-30 17:06:39.472398,"0,13",12.719999999999999,JAIR BOLSONARO,LULA,81946,105844,"43,64","56,36",0.7100000000000009,-0.7100000000000009
2022-10-30 17:06:49.691413,"0,15",7.799999999999997,JAIR BOLSONARO,LULA,101145,118259,"46,10","53,90",2.460000000000001,-2.460000000000001
2022-10-30 17:06:59.869412,"0,15",7.799999999999997,JAIR BOLSONARO,LULA,101145,118259,"46,10","53,90",2.460000000000001,-2.460000000000001
2022-10-30 17:07:10.103889,"0,15",7.799999999999997,JAIR BOLSONARO,LULA,101145,118259,"46,10","53,90",2.460000000000001,-2.460000000000001
2022-10-30 17:07:20.286919,"0,15",7.799999999999997,JAIR BOLSONARO,LULA,101145,118259,"46,10","53,90",2.460000000000001,-2.460000000000001
2022-10-30 17:07:30.510835,"0,15",7.799999999999997,JAIR BOLSONARO,LULA,101145,118259,"46,10","53,90",2.460000000000001,-2.460000000000001
2022-10-30 17:07:40.744749,"0,15",7.799999999999997,JAIR BOLSONARO,LULA,101145,118259,"46,10","53,90",2.460000000000001,-2.460000000000001
2022-10-30 17:07:51.009292,"0,21",0.7399999999999949,JAIR BOLSONARO,LULA,143205,145352,"49,63","50,37",3.530000000000001,-3.530000000000001
2022-10-30 17:08:01.316395,"0,21",0.7399999999999949,JAIR BOLSONARO,LULA,143205,145352,"49,63","50,37",3.530000000000001,-3.530000000000001
2022-10-30 17:08:11.489426,"0,21",0.7399999999999949,JAIR BOLSONARO,LULA,143205,145352,"49,63","50,37",3.530000000000001,-3.530000000000001
2022-10-30 17:08:21.740678,"0,21",0.7399999999999949,JAIR BOLSONARO,LULA,143205,145352,"49,63","50,37",3.530000000000001,-3.530000000000001
2022-10-30 17:08:31.909717,"0,21",0.7399999999999949,JAIR BOLSONARO,LULA,143205,145352,"49,63","50,37",3.530000000000001,-3.530000000000001
2022-10-30 17:08:42.089515,"0,30",5.280000000000001,LULA,JAIR BOLSONARO,194219,215888,"47,36","52,64",-2.270000000000003,2.270000000000003
2022-10-30 17:08:52.287715,"0,30",5.280000000000001,LULA,JAIR BOLSONARO,194219,215888,"47,36","52,64",-2.270000000000003,2.270000000000003
2022-10-30 17:09:02.602798,"0,30",5.280000000000001,LULA,JAIR BOLSONARO,194219,215888,"47,36","52,64",-2.270000000000003,2.270000000000003
2022-10-30 17:09:12.771255,"0,30",5.280000000000001,LULA,JAIR BOLSONARO,194219,215888,"47,36","52,64",-2.270000000000003,2.270000000000003
2022-10-30 17:09:22.929350,"0,30",5.280000000000001,LULA,JAIR BOLSONARO,194219,215888,"47,36","52,64",-2.270000000000003,2.270000000000003
2022-10-30 17:09:33.209137,"0,30",5.280000000000001,LULA,JAIR BOLSONARO,194219,215888,"47,36","52,64",-2.270000000000003,2.270000000000003
2022-10-30 17:09:43.469974,"0,44",9.560000000000002,LULA,JAIR BOLSONARO,268901,325785,"45,22","54,78",-2.1400000000000006,2.1400000000000006
2022-10-30 17:09:53.704248,"0,44",9.560000000000002,LULA,JAIR BOLSONARO,268901,325785,"45,22","54,78",-2.1400000000000006,2.1400000000000006
2022-10-30 17:10:04.029227,"0,44",9.560000000000002,LULA,JAIR BOLSONARO,268901,325785,"45,22","54,78",-2.1400000000000006,2.1400000000000006
2022-10-30 17:10:14.189037,"0,44",9.560000000000002,LULA,JAIR BOLSONARO,268901,325785,"45,22","54,78",-2.1400000000000006,2.1400000000000006
2022-10-30 17:10:24.409046,"0,44",9.560000000000002,LULA,JAIR BOLSONARO,268901,325785,"45,22","54,78",-2.1400000000000006,2.1400000000000006
2022-10-30 17:10:34.594354,"0,44",9.560000000000002,LULA,JAIR BOLSONARO,268901,325785,"45,22","54,78",-2.1400000000000006,2.1400000000000006
2022-10-30 17:10:44.831841,"0,55",11.159999999999997,LULA,JAIR BOLSONARO,323714,405029,"44,42","55,58",-0.7999999999999972,0.7999999999999972
2022-10-30 17:10:55.098343,"0,55",11.159999999999997,LULA,JAIR BOLSONARO,323714,405029,"44,42","55,58",-0.7999999999999972,0.7999999999999972
2022-10-30 17:11:05.418887,"0,55",11.159999999999997,LULA,JAIR BOLSONARO,323714,405029,"44,42","55,58",-0.7999999999999972,0.7999999999999972
2022-10-30 17:11:15.704655,"0,55",11.159999999999997,LULA,JAIR BOLSONARO,323714,405029,"44,42","55,58",-0.7999999999999972,0.7999999999999972
2022-10-30 17:11:25.892899,"0,55",11.159999999999997,LULA,JAIR BOLSONARO,323714,405029,"44,42","55,58",-0.7999999999999972,0.7999999999999972
2022-10-30 17:11:36.083874,"0,55",11.159999999999997,LULA,JAIR BOLSONARO,323714,405029,"44,42","55,58",-0.7999999999999972,0.7999999999999972
2022-10-30 17:11:46.348538,"0,66",11.560000000000002,LULA,JAIR BOLSONARO,380248,479684,"44,22","55,78",-0.20000000000000284,0.20000000000000284
2022-10-30 17:11:56.609684,"0,66",11.560000000000002,LULA,JAIR BOLSONARO,380248,479684,"44,22","55,78",-0.20000000000000284,0.20000000000000284
2022-10-30 17:12:06.894125,"0,66",11.560000000000002,LULA,JAIR BOLSONARO,380248,479684,"44,22","55,78",-0.20000000000000284,0.20000000000000284
2022-10-30 17:12:17.161004,"0,66",11.560000000000002,LULA,JAIR BOLSONARO,380248,479684,"44,22","55,78",-0.20000000000000284,0.20000000000000284
2022-10-30 17:12:27.329000,"0,66",11.560000000000002,LULA,JAIR BOLSONARO,380248,479684,"44,22","55,78",-0.20000000000000284,0.20000000000000284
2022-10-30 17:12:37.489628,"0,66",11.560000000000002,LULA,JAIR BOLSONARO,380248,479684,"44,22","55,78",-0.20000000000000284,0.20000000000000284
2022-10-30 17:12:47.678745,"0,76",12.219999999999999,LULA,JAIR BOLSONARO,434368,555330,"43,89","56,11",-0.3299999999999983,0.3299999999999983
2022-10-30 17:12:57.844367,"0,76",12.219999999999999,LULA,JAIR BOLSONARO,434368,555330,"43,89","56,11",-0.3299999999999983,0.3299999999999983
2022-10-30 17:13:08.039326,"0,76",12.219999999999999,LULA,JAIR BOLSONARO,434368,555330,"43,89","56,11",-0.3299999999999983,0.3299999999999983
2022-10-30 17:13:18.240532,"0,76",12.219999999999999,LULA,JAIR BOLSONARO,434368,555330,"43,89","56,11",-0.3299999999999983,0.3299999999999983
2022-10-30 17:13:28.525918,"0,76",12.219999999999999,LULA,JAIR BOLSONARO,434368,555330,"43,89","56,11",-0.3299999999999983,0.3299999999999983
2022-10-30 17:13:38.814952,"0,76",12.219999999999999,LULA,JAIR BOLSONARO,434368,555330,"43,89","56,11",-0.3299999999999983,0.3299999999999983
2022-10-30 17:13:49.079207,"0,96",12.939999999999998,LULA,JAIR BOLSONARO,535981,695450,"43,53","56,47",-0.35999999999999943,0.35999999999999943
2022-10-30 17:13:59.364716,"0,96",12.939999999999998,LULA,JAIR BOLSONARO,535981,695450,"43,53","56,47",-0.35999999999999943,0.35999999999999943
2022-10-30 17:14:09.639029,"0,96",12.939999999999998,LULA,JAIR BOLSONARO,535981,695450,"43,53","56,47",-0.35999999999999943,0.35999999999999943
2022-10-30 17:14:19.888704,"0,96",12.939999999999998,LULA,JAIR BOLSONARO,535981,695450,"43,53","56,47",-0.35999999999999943,0.35999999999999943
2022-10-30 17:14:30.076039,"0,96",12.939999999999998,LULA,JAIR BOLSONARO,535981,695450,"43,53","56,47",-0.35999999999999943,0.35999999999999943
2022-10-30 17:14:40.358652,"0,96",12.939999999999998,LULA,JAIR BOLSONARO,535981,695450,"43,53","56,47",-0.35999999999999943,0.35999999999999943
2022-10-30 17:14:50.623264,"1,16",13.36,LULA,JAIR BOLSONARO,636917,833253,"43,32","56,68",-0.21000000000000085,0.21000000000000085
2022-10-30 17:15:01.079627,"1,16",13.36,LULA,JAIR BOLSONARO,636917,833253,"43,32","56,68",-0.21000000000000085,0.21000000000000085
2022-10-30 17:15:11.383700,"1,16",13.36,LULA,JAIR BOLSONARO,636917,833253,"43,32","56,68",-0.21000000000000085,0.21000000000000085
2022-10-30 17:15:21.678701,"1,16",13.36,LULA,JAIR BOLSONARO,636917,833253,"43,32","56,68",-0.21000000000000085,0.21000000000000085
2022-10-30 17:15:31.878940,"1,16",13.36,LULA,JAIR BOLSONARO,636917,833253,"43,32","56,68",-0.21000000000000085,0.21000000000000085
2022-10-30 17:15:42.138607,"1,16",13.36,LULA,JAIR BOLSONARO,636917,833253,"43,32","56,68",-0.21000000000000085,0.21000000000000085
2022-10-30 17:15:52.379513,"1,16",13.36,LULA,JAIR BOLSONARO,636917,833253,"43,32","56,68",-0.21000000000000085,0.21000000000000085
2022-10-30 17:16:02.654097,"1,16",13.36,LULA,JAIR BOLSONARO,636917,833253,"43,32","56,68",-0.21000000000000085,0.21000000000000085
2022-10-30 17:16:12.830123,"1,16",13.36,LULA,JAIR BOLSONARO,636917,833253,"43,32","56,68",-0.21000000000000085,0.21000000000000085
2022-10-30 17:16:23.068516,"1,37",13.019999999999996,LULA,JAIR BOLSONARO,747796,971835,"43,49","56,51",0.1700000000000017,-0.1700000000000017
2022-10-30 17:16:33.213179,"1,37",13.019999999999996,LULA,JAIR BOLSONARO,747796,971835,"43,49","56,51",0.1700000000000017,-0.1700000000000017
2022-10-30 17:16:43.393523,"1,37",13.019999999999996,LULA,JAIR BOLSONARO,747796,971835,"43,49","56,51",0.1700000000000017,-0.1700000000000017
2022-10-30 17:16:53.559436,"1,37",13.019999999999996,LULA,JAIR BOLSONARO,747796,971835,"43,49","56,51",0.1700000000000017,-0.1700000000000017
2022-10-30 17:17:03.732735,"1,37",13.019999999999996,LULA,JAIR BOLSONARO,747796,971835,"43,49","56,51",0.1700000000000017,-0.1700000000000017
2022-10-30 17:17:14.047778,"1,64",13.420000000000002,LULA,JAIR BOLSONARO,884381,1158541,"43,29","56,71",-0.20000000000000284,0.20000000000000284
2022-10-30 17:17:24.321899,"1,64",13.420000000000002,LULA,JAIR BOLSONARO,884381,1158541,"43,29","56,71",-0.20000000000000284,0.20000000000000284
2022-10-30 17:17:34.589403,"1,64",13.420000000000002,LULA,JAIR BOLSONARO,884381,1158541,"43,29","56,71",-0.20000000000000284,0.20000000000000284
2022-10-30 17:17:44.887938,"1,64",13.420000000000002,LULA,JAIR BOLSONARO,884381,1158541,"43,29","56,71",-0.20000000000000284,0.20000000000000284
2022-10-30 17:17:55.118719,"1,64",13.420000000000002,LULA,JAIR BOLSONARO,884381,1158541,"43,29","56,71",-0.20000000000000284,0.20000000000000284
2022-10-30 17:18:05.354016,"1,64",13.420000000000002,LULA,JAIR BOLSONARO,884381,1158541,"43,29","56,71",-0.20000000000000284,0.20000000000000284
2022-10-30 17:18:15.623406,"1,83",13.280000000000001,LULA,JAIR BOLSONARO,986496,1288527,"43,36","56,64",0.07000000000000028,-0.07000000000000028
2022-10-30 17:18:25.769177,"1,83",13.280000000000001,LULA,JAIR BOLSONARO,986496,1288527,"43,36","56,64",0.07000000000000028,-0.07000000000000028
2022-10-30 17:18:35.919540,"1,83",13.280000000000001,LULA,JAIR BOLSONARO,986496,1288527,"43,36","56,64",0.07000000000000028,-0.07000000000000028
2022-10-30 17:18:46.055536,"1,83",13.280000000000001,LULA,JAIR BOLSONARO,986496,1288527,"43,36","56,64",0.07000000000000028,-0.07000000000000028
2022-10-30 17:18:56.190126,"1,83",13.280000000000001,LULA,JAIR BOLSONARO,986496,1288527,"43,36","56,64",0.07000000000000028,-0.07000000000000028
2022-10-30 17:19:06.394562,"1,83",13.280000000000001,LULA,JAIR BOLSONARO,986496,1288527,"43,36","56,64",0.07000000000000028,-0.07000000000000028
2022-10-30 17:19:16.602526,"2,05",12.819999999999993,LULA,JAIR BOLSONARO,1104344,1429387,"43,59","56,41",0.23000000000000398,-0.23000000000000398
2022-10-30 17:19:26.754302,"2,05",12.819999999999993,LULA,JAIR BOLSONARO,1104344,1429387,"43,59","56,41",0.23000000000000398,-0.23000000000000398
2022-10-30 17:19:36.879178,"2,05",12.819999999999993,LULA,JAIR BOLSONARO,1104344,1429387,"43,59","56,41",0.23000000000000398,-0.23000000000000398
2022-10-30 17:19:47.019347,"2,05",12.819999999999993,LULA,JAIR BOLSONARO,1104344,1429387,"43,59","56,41",0.23000000000000398,-0.23000000000000398
2022-10-30 17:19:57.201938,"2,05",12.819999999999993,LULA,JAIR BOLSONARO,1104344,1429387,"43,59","56,41",0.23000000000000398,-0.23000000000000398
2022-10-30 17:20:07.330287,"2,05",12.819999999999993,LULA,JAIR BOLSONARO,1104344,1429387,"43,59","56,41",0.23000000000000398,-0.23000000000000398
2022-10-30 17:20:17.695615,"2,56",11.64,LULA,JAIR BOLSONARO,1392784,1759974,"44,18","55,82",0.5899999999999963,-0.5899999999999963
2022-10-30 17:20:27.951411,"2,56",11.64,LULA,JAIR BOLSONARO,1392784,1759974,"44,18","55,82",0.5899999999999963,-0.5899999999999963
2022-10-30 17:20:38.223467,"2,56",11.64,LULA,JAIR BOLSONARO,1392784,1759974,"44,18","55,82",0.5899999999999963,-0.5899999999999963
2022-10-30 17:20:48.463509,"2,56",11.64,LULA,JAIR BOLSONARO,1392784,1759974,"44,18","55,82",0.5899999999999963,-0.5899999999999963
2022-10-30 17:20:58.628530,"2,56",11.64,LULA,JAIR BOLSONARO,1392784,1759974,"44,18","55,82",0.5899999999999963,-0.5899999999999963
2022-10-30 17:21:08.888539,"2,56",11.64,LULA,JAIR BOLSONARO,1392784,1759974,"44,18","55,82",0.5899999999999963,-0.5899999999999963
2022-10-30 17:21:19.188722,"2,94",10.780000000000001,LULA,JAIR BOLSONARO,1612884,2002475,"44,61","55,39",0.4299999999999997,-0.4299999999999997
2022-10-30 17:21:29.495116,"2,94",10.780000000000001,LULA,JAIR BOLSONARO,1612884,2002475,"44,61","55,39",0.4299999999999997,-0.4299999999999997
2022-10-30 17:21:39.668096,"2,94",10.780000000000001,LULA,JAIR BOLSONARO,1612884,2002475,"44,61","55,39",0.4299999999999997,-0.4299999999999997
2022-10-30 17:21:49.855218,"2,94",10.780000000000001,LULA,JAIR BOLSONARO,1612884,2002475,"44,61","55,39",0.4299999999999997,-0.4299999999999997
2022-10-30 17:22:00.138297,"2,94",10.780000000000001,LULA,JAIR BOLSONARO,1612884,2002475,"44,61","55,39",0.4299999999999997,-0.4299999999999997
2022-10-30 17:22:10.408677,"2,94",10.780000000000001,LULA,JAIR BOLSONARO,1612884,2002475,"44,61","55,39",0.4299999999999997,-0.4299999999999997
2022-10-30 17:22:20.698374,"2,94",10.780000000000001,LULA,JAIR BOLSONARO,1612884,2002475,"44,61","55,39",0.4299999999999997,-0.4299999999999997
2022-10-30 17:22:30.875215,"2,94",10.780000000000001,LULA,JAIR BOLSONARO,1612884,2002475,"44,61","55,39",0.4299999999999997,-0.4299999999999997
2022-10-30 17:22:41.043783,"3,47",9.879999999999995,LULA,JAIR BOLSONARO,1906620,2325079,"45,06","54,94",0.45000000000000284,-0.45000000000000284
2022-10-30 17:22:51.218763,"3,47",9.879999999999995,LULA,JAIR BOLSONARO,1906620,2325079,"45,06","54,94",0.45000000000000284,-0.45000000000000284
2022-10-30 17:23:01.375611,"3,47",9.879999999999995,LULA,JAIR BOLSONARO,1906620,2325079,"45,06","54,94",0.45000000000000284,-0.45000000000000284
2022-10-30 17:23:11.553310,"3,47",9.879999999999995,LULA,JAIR BOLSONARO,1906620,2325079,"45,06","54,94",0.45000000000000284,-0.45000000000000284
2022-10-30 17:23:22.508283,"3,47",9.879999999999995,LULA,JAIR BOLSONARO,1906620,2325079,"45,06","54,94",45.06,54.94
2022-10-30 17:23:32.674146,"3,47",9.879999999999995,LULA,JAIR BOLSONARO,1906620,2325079,"45,06","54,94",45.06,54.94
2022-10-30 17:23:42.834744,"3,47",9.879999999999995,LULA,JAIR BOLSONARO,1906620,2325079,"45,06","54,94",45.06,54.94
2022-10-30 17:23:53.112508,"3,96",8.079999999999998,LULA,JAIR BOLSONARO,2217853,2607508,"45,96","54,04",0.8999999999999986,-0.8999999999999986
2022-10-30 17:24:03.282127,"3,96",8.079999999999998,LULA,JAIR BOLSONARO,2217853,2607508,"45,96","54,04",0.8999999999999986,-0.8999999999999986
2022-10-30 17:24:13.481229,"3,96",8.079999999999998,LULA,JAIR BOLSONARO,2217853,2607508,"45,96","54,04",0.8999999999999986,-0.8999999999999986
2022-10-30 17:24:23.713597,"3,96",8.079999999999998,LULA,JAIR BOLSONARO,2217853,2607508,"45,96","54,04",0.8999999999999986,-0.8999999999999986
2022-10-30 17:24:33.893789,"3,96",8.079999999999998,LULA,JAIR BOLSONARO,2217853,2607508,"45,96","54,04",0.8999999999999986,-0.8999999999999986
2022-10-30 17:24:44.065187,"4,39",7.780000000000001,LULA,JAIR BOLSONARO,2457503,2872672,"46,11","53,89",0.14999999999999858,-0.14999999999999858
2022-10-30 17:24:54.227871,"4,39",7.780000000000001,LULA,JAIR BOLSONARO,2457503,2872672,"46,11","53,89",0.14999999999999858,-0.14999999999999858
2022-10-30 17:25:04.398306,"4,39",7.780000000000001,LULA,JAIR BOLSONARO,2457503,2872672,"46,11","53,89",0.14999999999999858,-0.14999999999999858
2022-10-30 17:25:14.594960,"4,39",7.780000000000001,LULA,JAIR BOLSONARO,2457503,2872672,"46,11","53,89",0.14999999999999858,-0.14999999999999858
2022-10-30 17:25:24.841110,"4,39",7.780000000000001,LULA,JAIR BOLSONARO,2457503,2872672,"46,11","53,89",0.14999999999999858,-0.14999999999999858
2022-10-30 17:25:35.027950,"4,39",7.780000000000001,LULA,JAIR BOLSONARO,2457503,2872672,"46,11","53,89",0.14999999999999858,-0.14999999999999858
2022-10-30 17:25:45.249626,"4,82",7.140000000000001,LULA,JAIR BOLSONARO,2708858,3125350,"46,43","53,57",0.3200000000000003,-0.3200000000000003
2022-10-30 17:25:55.448827,"4,82",7.140000000000001,LULA,JAIR BOLSONARO,2708858,3125350,"46,43","53,57",0.3200000000000003,-0.3200000000000003
2022-10-30 17:26:05.710277,"4,82",7.140000000000001,LULA,JAIR BOLSONARO,2708858,3125350,"46,43","53,57",0.3200000000000003,-0.3200000000000003
2022-10-30 17:26:15.977896,"4,82",7.140000000000001,LULA,JAIR BOLSONARO,2708858,3125350,"46,43","53,57",0.3200000000000003,-0.3200000000000003
2022-10-30 17:26:26.318365,"4,82",7.140000000000001,LULA,JAIR BOLSONARO,2708858,3125350,"46,43","53,57",0.3200000000000003,-0.3200000000000003
2022-10-30 17:26:36.588568,"4,82",7.140000000000001,LULA,JAIR BOLSONARO,2708858,3125350,"46,43","53,57",0.3200000000000003,-0.3200000000000003
2022-10-30 17:26:46.779127,"5,61",6.459999999999994,LULA,JAIR BOLSONARO,3160318,3597163,"46,77","53,23",0.3400000000000034,-0.3400000000000034
2022-10-30 17:26:57.033969,"5,61",6.459999999999994,LULA,JAIR BOLSONARO,3160318,3597163,"46,77","53,23",0.3400000000000034,-0.3400000000000034
2022-10-30 17:27:07.298354,"5,61",6.459999999999994,LULA,JAIR BOLSONARO,3160318,3597163,"46,77","53,23",0.3400000000000034,-0.3400000000000034
2022-10-30 17:27:17.548955,"5,61",6.459999999999994,LULA,JAIR BOLSONARO,3160318,3597163,"46,77","53,23",0.3400000000000034,-0.3400000000000034
2022-10-30 17:27:27.899838,"5,61",6.459999999999994,LULA,JAIR BOLSONARO,3160318,3597163,"46,77","53,23",0.3400000000000034,-0.3400000000000034
2022-10-30 17:27:38.167901,"5,61",6.459999999999994,LULA,JAIR BOLSONARO,3160318,3597163,"46,77","53,23",0.3400000000000034,-0.3400000000000034
2022-10-30 17:27:48.418841,"6,26",5.859999999999999,LULA,JAIR BOLSONARO,3532178,3972272,"47,07","52,93",0.29999999999999716,-0.29999999999999716
2022-10-30 17:27:58.687505,"6,26",5.859999999999999,LULA,JAIR BOLSONARO,3532178,3972272,"47,07","52,93",0.29999999999999716,-0.29999999999999716
2022-10-30 17:28:08.928963,"6,26",5.859999999999999,LULA,JAIR BOLSONARO,3532178,3972272,"47,07","52,93",0.29999999999999716,-0.29999999999999716
2022-10-30 17:28:19.097596,"6,26",5.859999999999999,LULA,JAIR BOLSONARO,3532178,3972272,"47,07","52,93",0.29999999999999716,-0.29999999999999716
2022-10-30 17:28:29.337656,"6,26",5.859999999999999,LULA,JAIR BOLSONARO,3532178,3972272,"47,07","52,93",0.29999999999999716,-0.29999999999999716
2022-10-30 17:28:39.627490,"6,26",5.859999999999999,LULA,JAIR BOLSONARO,3532178,3972272,"47,07","52,93",0.29999999999999716,-0.29999999999999716
2022-10-30 17:28:49.917345,"6,90",5.420000000000002,LULA,JAIR BOLSONARO,3902965,4349950,"47,29","52,71",0.21999999999999886,-0.21999999999999886
2022-10-30 17:29:00.160486,"6,90",5.420000000000002,LULA,JAIR BOLSONARO,3902965,4349950,"47,29","52,71",0.21999999999999886,-0.21999999999999886
2022-10-30 17:29:10.322753,"6,90",5.420000000000002,LULA,JAIR BOLSONARO,3902965,4349950,"47,29","52,71",0.21999999999999886,-0.21999999999999886
2022-10-30 17:29:20.489892,"6,90",5.420000000000002,LULA,JAIR BOLSONARO,3902965,4349950,"47,29","52,71",0.21999999999999886,-0.21999999999999886
2022-10-30 17:29:30.707044,"6,90",5.420000000000002,LULA,JAIR BOLSONARO,3902965,4349950,"47,29","52,71",0.21999999999999886,-0.21999999999999886
2022-10-30 17:29:40.873035,"6,90",5.420000000000002,LULA,JAIR BOLSONARO,3902965,4349950,"47,29","52,71",0.21999999999999886,-0.21999999999999886
2022-10-30 17:29:51.042331,"7,53",5.140000000000001,LULA,JAIR BOLSONARO,4262979,4725451,"47,43","52,57",0.14000000000000057,-0.14000000000000057
2022-10-30 17:30:01.305269,"7,53",5.140000000000001,LULA,JAIR BOLSONARO,4262979,4725451,"47,43","52,57",0.14000000000000057,-0.14000000000000057
2022-10-30 17:30:11.584360,"7,53",5.140000000000001,LULA,JAIR BOLSONARO,4262979,4725451,"47,43","52,57",0.14000000000000057,-0.14000000000000057
2022-10-30 17:30:21.851419,"7,53",5.140000000000001,LULA,JAIR BOLSONARO,4262979,4725451,"47,43","52,57",0.14000000000000057,-0.14000000000000057
2022-10-30 17:30:32.152728,"7,53",5.140000000000001,LULA,JAIR BOLSONARO,4262979,4725451,"47,43","52,57",0.14000000000000057,-0.14000000000000057
2022-10-30 17:30:42.412612,"7,53",5.140000000000001,LULA,JAIR BOLSONARO,4262979,4725451,"47,43","52,57",0.14000000000000057,-0.14000000000000057
2022-10-30 17:30:52.673307,"8,06",4.780000000000001,LULA,JAIR BOLSONARO,4569286,5028892,"47,61","52,39",0.17999999999999972,-0.17999999999999972
2022-10-30 17:31:02.907587,"8,06",4.780000000000001,LULA,JAIR BOLSONARO,4569286,5028892,"47,61","52,39",0.17999999999999972,-0.17999999999999972
2022-10-30 17:31:13.147386,"8,06",4.780000000000001,LULA,JAIR BOLSONARO,4569286,5028892,"47,61","52,39",0.17999999999999972,-0.17999999999999972
2022-10-30 17:31:24.391162,"8,06",4.780000000000001,LULA,JAIR BOLSONARO,4569286,5028892,"47,61","52,39",0.17999999999999972,-0.17999999999999972
2022-10-30 17:31:34.698577,"8,06",4.780000000000001,LULA,JAIR BOLSONARO,4569286,5028892,"47,61","52,39",0.17999999999999972,-0.17999999999999972
2022-10-30 17:31:44.990517,"8,06",4.780000000000001,LULA,JAIR BOLSONARO,4569286,5028892,"47,61","52,39",0.17999999999999972,-0.17999999999999972
2022-10-30 17:31:55.238497,"8,06",4.780000000000001,LULA,JAIR BOLSONARO,4569286,5028892,"47,61","52,39",0.17999999999999972,-0.17999999999999972
2022-10-30 17:32:05.533184,"8,06",4.780000000000001,LULA,JAIR BOLSONARO,4569286,5028892,"47,61","52,39",0.17999999999999972,-0.17999999999999972
2022-10-30 17:32:15.682819,"8,71",4.439999999999998,LULA,JAIR BOLSONARO,4946760,5406534,"47,78","52,22",0.1700000000000017,-0.1700000000000017
2022-10-30 17:32:25.858830,"8,71",4.439999999999998,LULA,JAIR BOLSONARO,4946760,5406534,"47,78","52,22",0.1700000000000017,-0.1700000000000017
2022-10-30 17:32:36.078940,"8,71",4.439999999999998,LULA,JAIR BOLSONARO,4946760,5406534,"47,78","52,22",0.1700000000000017,-0.1700000000000017
2022-10-30 17:32:46.230100,"8,71",4.439999999999998,LULA,JAIR BOLSONARO,4946760,5406534,"47,78","52,22",0.1700000000000017,-0.1700000000000017
2022-10-30 17:32:56.391388,"8,71",4.439999999999998,LULA,JAIR BOLSONARO,4946760,5406534,"47,78","52,22",0.1700000000000017,-0.1700000000000017
2022-10-30 17:33:06.573953,"8,71",4.439999999999998,LULA,JAIR BOLSONARO,4946760,5406534,"47,78","52,22",0.1700000000000017,-0.1700000000000017
2022-10-30 17:33:16.759441,"9,44",4.180000000000007,LULA,JAIR BOLSONARO,5361734,5828461,"47,91","52,09",0.12999999999999545,-0.12999999999999545
2022-10-30 17:33:26.944011,"9,44",4.180000000000007,LULA,JAIR BOLSONARO,5361734,5828461,"47,91","52,09",0.12999999999999545,-0.12999999999999545
2022-10-30 17:33:37.115205,"9,44",4.180000000000007,LULA,JAIR BOLSONARO,5361734,5828461,"47,91","52,09",0.12999999999999545,-0.12999999999999545
2022-10-30 17:33:47.522172,"9,44",4.180000000000007,LULA,JAIR BOLSONARO,5361734,5828461,"47,91","52,09",0.12999999999999545,-0.12999999999999545
2022-10-30 17:33:57.671735,"9,44",4.180000000000007,LULA,JAIR BOLSONARO,5361734,5828461,"47,91","52,09",0.12999999999999545,-0.12999999999999545
2022-10-30 17:34:07.828549,"9,44",4.180000000000007,LULA,JAIR BOLSONARO,5361734,5828461,"47,91","52,09",0.12999999999999545,-0.12999999999999545
2022-10-30 17:34:18.038501,"10,09",4.099999999999994,LULA,JAIR BOLSONARO,5732531,6221621,"47,95","52,05",0.04000000000000625,-0.04000000000000625
2022-10-30 17:34:28.227255,"10,09",4.099999999999994,LULA,JAIR BOLSONARO,5732531,6221621,"47,95","52,05",0.04000000000000625,-0.04000000000000625
2022-10-30 17:34:38.408762,"10,09",4.099999999999994,LULA,JAIR BOLSONARO,5732531,6221621,"47,95","52,05",0.04000000000000625,-0.04000000000000625
2022-10-30 17:34:48.602448,"10,09",4.099999999999994,LULA,JAIR BOLSONARO,5732531,6221621,"47,95","52,05",0.04000000000000625,-0.04000000000000625
2022-10-30 17:34:58.738192,"10,09",4.099999999999994,LULA,JAIR BOLSONARO,5732531,6221621,"47,95","52,05",0.04000000000000625,-0.04000000000000625
2022-10-30 17:35:08.907135,"10,09",4.099999999999994,LULA,JAIR BOLSONARO,5732531,6221621,"47,95","52,05",0.04000000000000625,-0.04000000000000625
2022-10-30 17:35:19.049568,"10,72",4.040000000000006,LULA,JAIR BOLSONARO,6087518,6601190,"47,98","52,02",0.02999999999999403,-0.02999999999999403
2022-10-30 17:35:29.227177,"10,72",4.040000000000006,LULA,JAIR BOLSONARO,6087518,6601190,"47,98","52,02",0.02999999999999403,-0.02999999999999403
2022-10-30 17:35:39.428444,"10,72",4.040000000000006,LULA,JAIR BOLSONARO,6087518,6601190,"47,98","52,02",0.02999999999999403,-0.02999999999999403
2022-10-30 17:35:49.671713,"10,72",4.040000000000006,LULA,JAIR BOLSONARO,6087518,6601190,"47,98","52,02",0.02999999999999403,-0.02999999999999403
2022-10-30 17:35:59.816952,"10,72",4.040000000000006,LULA,JAIR BOLSONARO,6087518,6601190,"47,98","52,02",0.02999999999999403,-0.02999999999999403
2022-10-30 17:36:10.000555,"10,72",4.040000000000006,LULA,JAIR BOLSONARO,6087518,6601190,"47,98","52,02",0.02999999999999403,-0.02999999999999403
2022-10-30 17:36:20.166935,"10,72",4.040000000000006,LULA,JAIR BOLSONARO,6087518,6601190,"47,98","52,02",0.02999999999999403,-0.02999999999999403
2022-10-30 17:36:30.367398,"10,72",4.040000000000006,LULA,JAIR BOLSONARO,6087518,6601190,"47,98","52,02",0.02999999999999403,-0.02999999999999403
2022-10-30 17:36:40.597645,"10,72",4.040000000000006,LULA,JAIR BOLSONARO,6087518,6601190,"47,98","52,02",0.02999999999999403,-0.02999999999999403
2022-10-30 17:36:50.757726,"11,38",3.9200000000000017,LULA,JAIR BOLSONARO,6464309,6992128,"48,04","51,96",0.060000000000002274,-0.060000000000002274
2022-10-30 17:37:00.957200,"11,38",3.9200000000000017,LULA,JAIR BOLSONARO,6464309,6992128,"48,04","51,96",0.060000000000002274,-0.060000000000002274
2022-10-30 17:37:11.117284,"11,38",3.9200000000000017,LULA,JAIR BOLSONARO,6464309,6992128,"48,04","51,96",0.060000000000002274,-0.060000000000002274
2022-10-30 17:37:16.296536,"12,02",3.719999999999999,LULA,JAIR BOLSONARO,6844613,7373331,"48,14","51,86",48.14,51.86
2022-10-30 17:37:31.498016,"12,02",3.719999999999999,LULA,JAIR BOLSONARO,6844613,7373331,"48,14","51,86",48.14,51.86
2022-10-30 17:38:25.633217,"12,64",3.6400000000000006,LULA,JAIR BOLSONARO,7198202,7742399,"48,18","51,82",48.18,51.82
2022-10-30 17:38:35.845192,"12,64",3.6400000000000006,LULA,JAIR BOLSONARO,7198202,7742399,"48,18","51,82",48.18,51.82
2022-10-30 17:38:43.262058,"12,64",3.6400000000000006,LULA,JAIR BOLSONARO,7198202,7742399,"48,18","51,82",48.18,51.82
2022-10-30 17:38:53.478922,"12,64",3.6400000000000006,LULA,JAIR BOLSONARO,7198202,7742399,"48,18","51,82",48.18,51.82
2022-10-30 17:39:03.669655,"12,64",3.6400000000000006,LULA,JAIR BOLSONARO,7198202,7742399,"48,18","51,82",48.18,51.82
2022-10-30 17:39:13.863050,"13,25",3.5400000000000063,LULA,JAIR BOLSONARO,7549954,8105280,"48,23","51,77",0.04999999999999716,-0.04999999999999716
2022-10-30 17:39:24.036894,"13,25",3.5400000000000063,LULA,JAIR BOLSONARO,7549954,8105280,"48,23","51,77",0.04999999999999716,-0.04999999999999716
2022-10-30 17:39:34.223037,"13,25",3.5400000000000063,LULA,JAIR BOLSONARO,7549954,8105280,"48,23","51,77",0.04999999999999716,-0.04999999999999716
2022-10-30 17:39:44.487180,"13,25",3.5400000000000063,LULA,JAIR BOLSONARO,7549954,8105280,"48,23","51,77",0.04999999999999716,-0.04999999999999716
2022-10-30 17:39:54.699616,"13,25",3.5400000000000063,LULA,JAIR BOLSONARO,7549954,8105280,"48,23","51,77",0.04999999999999716,-0.04999999999999716
2022-10-30 17:40:04.876592,"13,25",3.5400000000000063,LULA,JAIR BOLSONARO,7549954,8105280,"48,23","51,77",0.04999999999999716,-0.04999999999999716
2022-10-30 17:40:06.525369,"13,25",3.5400000000000063,LULA,JAIR BOLSONARO,7549954,8105280,"48,23","51,77",48.23,51.77
2022-10-30 17:40:16.686813,"13,25",3.5400000000000063,LULA,JAIR BOLSONARO,7549954,8105280,"48,23","51,77",48.23,51.77
2022-10-30 17:40:26.882178,"13,25",3.5400000000000063,LULA,JAIR BOLSONARO,7549954,8105280,"48,23","51,77",48.23,51.77
2022-10-30 17:40:37.106498,"13,25",3.5400000000000063,LULA,JAIR BOLSONARO,7549954,8105280,"48,23","51,77",48.23,51.77
2022-10-30 17:40:41.860268,"13,25",3.5400000000000063,LULA,JAIR BOLSONARO,7549954,8105280,"48,23","51,77",48.23,51.77
2022-10-30 17:40:52.063307,"13,94",3.480000000000004,LULA,JAIR BOLSONARO,7943602,8516237,"48,26","51,74",0.030000000000001137,-0.030000000000001137
2022-10-30 17:41:02.326566,"13,94",3.480000000000004,LULA,JAIR BOLSONARO,7943602,8516237,"48,26","51,74",0.030000000000001137,-0.030000000000001137
2022-10-30 17:41:12.550807,"13,94",3.480000000000004,LULA,JAIR BOLSONARO,7943602,8516237,"48,26","51,74",0.030000000000001137,-0.030000000000001137
2022-10-30 17:41:22.781317,"14,60",3.3799999999999955,LULA,JAIR BOLSONARO,8324175,8906814,"48,31","51,69",0.05000000000000426,-0.05000000000000426
2022-10-30 17:41:32.998157,"14,60",3.3799999999999955,LULA,JAIR BOLSONARO,8324175,8906814,"48,31","51,69",0.05000000000000426,-0.05000000000000426
2022-10-30 17:41:43.261748,"14,60",3.3799999999999955,LULA,JAIR BOLSONARO,8324175,8906814,"48,31","51,69",0.05000000000000426,-0.05000000000000426
2022-10-30 17:41:53.497462,"14,60",3.3799999999999955,LULA,JAIR BOLSONARO,8324175,8906814,"48,31","51,69",0.05000000000000426,-0.05000000000000426
2022-10-30 17:42:03.828966,"14,60",3.3799999999999955,LULA,JAIR BOLSONARO,8324175,8906814,"48,31","51,69",0.05000000000000426,-0.05000000000000426
2022-10-30 17:42:14.016274,"14,60",3.3799999999999955,LULA,JAIR BOLSONARO,8324175,8906814,"48,31","51,69",0.05000000000000426,-0.05000000000000426
2022-10-30 17:42:24.296248,"14,60",3.3799999999999955,LULA,JAIR BOLSONARO,8324175,8906814,"48,31","51,69",0.05000000000000426,-0.05000000000000426
2022-10-30 17:42:34.516364,"14,60",3.3799999999999955,LULA,JAIR BOLSONARO,8324175,8906814,"48,31","51,69",0.05000000000000426,-0.05000000000000426
2022-10-30 17:42:44.726457,"15,34",3.3599999999999994,LULA,JAIR BOLSONARO,8739108,9347471,"48,32","51,68",0.00999999999999801,-0.00999999999999801
2022-10-30 17:42:54.935229,"15,34",3.3599999999999994,LULA,JAIR BOLSONARO,8739108,9347471,"48,32","51,68",0.00999999999999801,-0.00999999999999801
2022-10-30 17:43:05.166004,"15,34",3.3599999999999994,LULA,JAIR BOLSONARO,8739108,9347471,"48,32","51,68",0.00999999999999801,-0.00999999999999801
2022-10-30 17:43:15.466107,"15,34",3.3599999999999994,LULA,JAIR BOLSONARO,8739108,9347471,"48,32","51,68",0.00999999999999801,-0.00999999999999801
2022-10-30 17:43:25.696061,"15,34",3.3599999999999994,LULA,JAIR BOLSONARO,8739108,9347471,"48,32","51,68",0.00999999999999801,-0.00999999999999801
2022-10-30 17:43:35.846482,"15,34",3.3599999999999994,LULA,JAIR BOLSONARO,8739108,9347471,"48,32","51,68",0.00999999999999801,-0.00999999999999801
2022-10-30 17:43:46.039585,"16,22",3.3799999999999955,LULA,JAIR BOLSONARO,9231290,9876634,"48,31","51,69",-0.00999999999999801,0.00999999999999801
2022-10-30 17:43:56.396087,"16,22",3.3799999999999955,LULA,JAIR BOLSONARO,9231290,9876634,"48,31","51,69",-0.00999999999999801,0.00999999999999801
2022-10-30 17:44:06.646307,"16,22",3.3799999999999955,LULA,JAIR BOLSONARO,9231290,9876634,"48,31","51,69",-0.00999999999999801,0.00999999999999801
2022-10-30 17:44:16.976459,"16,22",3.3799999999999955,LULA,JAIR BOLSONARO,9231290,9876634,"48,31","51,69",-0.00999999999999801,0.00999999999999801
2022-10-30 17:44:27.225922,"16,22",3.3799999999999955,LULA,JAIR BOLSONARO,9231290,9876634,"48,31","51,69",-0.00999999999999801,0.00999999999999801
2022-10-30 17:44:37.660544,"16,22",3.3799999999999955,LULA,JAIR BOLSONARO,9231290,9876634,"48,31","51,69",-0.00999999999999801,0.00999999999999801
2022-10-30 17:44:47.965955,"16,22",3.3799999999999955,LULA,JAIR BOLSONARO,9231290,9876634,"48,31","51,69",-0.00999999999999801,0.00999999999999801
2022-10-30 17:44:58.217732,"16,22",3.3799999999999955,LULA,JAIR BOLSONARO,9231290,9876634,"48,31","51,69",-0.00999999999999801,0.00999999999999801
2022-10-30 17:45:08.457577,"17,00",3.280000000000001,LULA,JAIR BOLSONARO,9678557,10334542,"48,36","51,64",0.04999999999999716,-0.04999999999999716
2022-10-30 17:45:18.688624,"17,00",3.280000000000001,LULA,JAIR BOLSONARO,9678557,10334542,"48,36","51,64",0.04999999999999716,-0.04999999999999716
2022-10-30 17:45:28.881163,"17,00",3.280000000000001,LULA,JAIR BOLSONARO,9678557,10334542,"48,36","51,64",0.04999999999999716,-0.04999999999999716
2022-10-30 17:45:39.056717,"17,00",3.280000000000001,LULA,JAIR BOLSONARO,9678557,10334542,"48,36","51,64",0.04999999999999716,-0.04999999999999716
2022-10-30 17:45:49.329149,"17,00",3.280000000000001,LULA,JAIR BOLSONARO,9678557,10334542,"48,36","51,64",0.04999999999999716,-0.04999999999999716
2022-10-30 17:45:59.571528,"17,72",3.260000000000005,LULA,JAIR BOLSONARO,10088812,10769129,"48,37","51,63",0.00999999999999801,-0.00999999999999801
2022-10-30 17:46:09.746079,"17,72",3.260000000000005,LULA,JAIR BOLSONARO,10088812,10769129,"48,37","51,63",0.00999999999999801,-0.00999999999999801
2022-10-30 17:46:20.069522,"17,72",3.260000000000005,LULA,JAIR BOLSONARO,10088812,10769129,"48,37","51,63",0.00999999999999801,-0.00999999999999801
2022-10-30 17:46:30.316010,"17,72",3.260000000000005,LULA,JAIR BOLSONARO,10088812,10769129,"48,37","51,63",0.00999999999999801,-0.00999999999999801
2022-10-30 17:46:40.536261,"17,72",3.260000000000005,LULA,JAIR BOLSONARO,10088812,10769129,"48,37","51,63",0.00999999999999801,-0.00999999999999801
2022-10-30 17:46:50.855745,"17,72",3.260000000000005,LULA,JAIR BOLSONARO,10088812,10769129,"48,37","51,63",0.00999999999999801,-0.00999999999999801
2022-10-30 17:47:01.093684,"18,53",3.260000000000005,LULA,JAIR BOLSONARO,10545442,11255787,"48,37","51,63",0.00999999999999801,-0.00999999999999801
2022-10-30 17:47:11.366078,"18,53",3.260000000000005,LULA,JAIR BOLSONARO,10545442,11255787,"48,37","51,63",0.00999999999999801,-0.00999999999999801
2022-10-30 17:47:21.707942,"18,53",3.260000000000005,LULA,JAIR BOLSONARO,10545442,11255787,"48,37","51,63",0.00999999999999801,-0.00999999999999801
2022-10-30 17:47:32.026484,"18,53",3.260000000000005,LULA,JAIR BOLSONARO,10545442,11255787,"48,37","51,63",0.00999999999999801,-0.00999999999999801
2022-10-30 17:47:42.275835,"18,53",3.260000000000005,LULA,JAIR BOLSONARO,10545442,11255787,"48,37","51,63",0.00999999999999801,-0.00999999999999801
2022-10-30 17:47:52.509134,"18,53",3.260000000000005,LULA,JAIR BOLSONARO,10545442,11255787,"48,37","51,63",0.00999999999999801,-0.00999999999999801
2022-10-30 17:48:02.715819,"19,23",3.1400000000000006,LULA,JAIR BOLSONARO,10945747,11657059,"48,43","51,57",0.060000000000002274,-0.060000000000002274
2022-10-30 17:48:12.875739,"19,23",3.1400000000000006,LULA,JAIR BOLSONARO,10945747,11657059,"48,43","51,57",0.060000000000002274,-0.060000000000002274
2022-10-30 17:48:23.087705,"19,23",3.1400000000000006,LULA,JAIR BOLSONARO,10945747,11657059,"48,43","51,57",0.060000000000002274,-0.060000000000002274
2022-10-30 17:48:33.293550,"19,23",3.1400000000000006,LULA,JAIR BOLSONARO,10945747,11657059,"48,43","51,57",0.060000000000002274,-0.060000000000002274
2022-10-30 17:48:43.487352,"19,23",3.1400000000000006,LULA,JAIR BOLSONARO,10945747,11657059,"48,43","51,57",0.060000000000002274,-0.060000000000002274
2022-10-30 17:48:53.739175,"19,23",3.1400000000000006,LULA,JAIR BOLSONARO,10945747,11657059,"48,43","51,57",0.060000000000002274,-0.060000000000002274
2022-10-30 17:49:03.916024,"19,98",3.1400000000000006,LULA,JAIR BOLSONARO,11373292,12108636,"48,43","51,57",0.060000000000002274,-0.060000000000002274
2022-10-30 17:49:14.115856,"19,98",3.1400000000000006,LULA,JAIR BOLSONARO,11373292,12108636,"48,43","51,57",0.060000000000002274,-0.060000000000002274
2022-10-30 17:49:24.305896,"19,98",3.1400000000000006,LULA,JAIR BOLSONARO,11373292,12108636,"48,43","51,57",0.060000000000002274,-0.060000000000002274
2022-10-30 17:49:34.566419,"19,98",3.1400000000000006,LULA,JAIR BOLSONARO,11373292,12108636,"48,43","51,57",0.060000000000002274,-0.060000000000002274
2022-10-30 17:49:44.835324,"19,98",3.1400000000000006,LULA,JAIR BOLSONARO,11373292,12108636,"48,43","51,57",0.060000000000002274,-0.060000000000002274
2022-10-30 17:49:55.150684,"19,98",3.1400000000000006,LULA,JAIR BOLSONARO,11373292,12108636,"48,43","51,57",0.060000000000002274,-0.060000000000002274
2022-10-30 17:50:05.445696,"19,98",3.1400000000000006,LULA,JAIR BOLSONARO,11373292,12108636,"48,43","51,57",0.060000000000002274,-0.060000000000002274
2022-10-30 17:50:15.726471,"19,98",3.1400000000000006,LULA,JAIR BOLSONARO,11373292,12108636,"48,43","51,57",0.060000000000002274,-0.060000000000002274
2022-10-30 17:50:25.958612,"19,98",3.1400000000000006,LULA,JAIR BOLSONARO,11373292,12108636,"48,43","51,57",0.060000000000002274,-0.060000000000002274
2022-10-30 17:50:36.195652,"20,77",2.9599999999999937,LULA,JAIR BOLSONARO,11836947,12560367,"48,52","51,48",0.09000000000000341,-0.09000000000000341
2022-10-30 17:50:46.445451,"20,77",2.9599999999999937,LULA,JAIR BOLSONARO,11836947,12560367,"48,52","51,48",0.09000000000000341,-0.09000000000000341
2022-10-30 17:50:56.689657,"20,77",2.9599999999999937,LULA,JAIR BOLSONARO,11836947,12560367,"48,52","51,48",0.09000000000000341,-0.09000000000000341
2022-10-30 17:51:07.898233,"20,77",2.9599999999999937,LULA,JAIR BOLSONARO,11836947,12560367,"48,52","51,48",0.09000000000000341,-0.09000000000000341
2022-10-30 17:51:18.165666,"20,77",2.9599999999999937,LULA,JAIR BOLSONARO,11836947,12560367,"48,52","51,48",0.09000000000000341,-0.09000000000000341
2022-10-30 17:51:28.404456,"21,50",2.9599999999999937,LULA,JAIR BOLSONARO,12254980,13001792,"48,52","51,48",0.09000000000000341,-0.09000000000000341
2022-10-30 17:51:38.603082,"21,50",2.9599999999999937,LULA,JAIR BOLSONARO,12254980,13001792,"48,52","51,48",0.09000000000000341,-0.09000000000000341
2022-10-30 17:51:48.796042,"21,50",2.9599999999999937,LULA,JAIR BOLSONARO,12254980,13001792,"48,52","51,48",0.09000000000000341,-0.09000000000000341
2022-10-30 17:51:59.027027,"21,50",2.9599999999999937,LULA,JAIR BOLSONARO,12254980,13001792,"48,52","51,48",0.09000000000000341,-0.09000000000000341
2022-10-30 17:52:09.210556,"21,50",2.9599999999999937,LULA,JAIR BOLSONARO,12254980,13001792,"48,52","51,48",0.09000000000000341,-0.09000000000000341
2022-10-30 17:52:19.432495,"22,30",2.8599999999999994,LULA,JAIR BOLSONARO,12721334,13468399,"48,57","51,43",0.04999999999999716,-0.04999999999999716
2022-10-30 17:52:29.589106,"22,30",2.8599999999999994,LULA,JAIR BOLSONARO,12721334,13468399,"48,57","51,43",0.04999999999999716,-0.04999999999999716
2022-10-30 17:52:39.810440,"22,30",2.8599999999999994,LULA,JAIR BOLSONARO,12721334,13468399,"48,57","51,43",0.04999999999999716,-0.04999999999999716
2022-10-30 17:52:50.077571,"22,30",2.8599999999999994,LULA,JAIR BOLSONARO,12721334,13468399,"48,57","51,43",0.04999999999999716,-0.04999999999999716
2022-10-30 17:53:00.402406,"22,30",2.8599999999999994,LULA,JAIR BOLSONARO,12721334,13468399,"48,57","51,43",0.04999999999999716,-0.04999999999999716
2022-10-30 17:53:10.617708,"22,30",2.8599999999999994,LULA,JAIR BOLSONARO,12721334,13468399,"48,57","51,43",0.04999999999999716,-0.04999999999999716
2022-10-30 17:53:20.795697,"22,30",2.8599999999999994,LULA,JAIR BOLSONARO,12721334,13468399,"48,57","51,43",0.04999999999999716,-0.04999999999999716
2022-10-30 17:53:31.000735,"23,05",2.719999999999999,LULA,JAIR BOLSONARO,13166592,13901148,"48,64","51,36",0.07000000000000028,-0.07000000000000028
2022-10-30 17:53:41.173373,"23,05",2.719999999999999,LULA,JAIR BOLSONARO,13166592,13901148,"48,64","51,36",0.07000000000000028,-0.07000000000000028
2022-10-30 17:53:51.370785,"23,05",2.719999999999999,LULA,JAIR BOLSONARO,13166592,13901148,"48,64","51,36",0.07000000000000028,-0.07000000000000028
2022-10-30 17:54:01.617077,"23,05",2.719999999999999,LULA,JAIR BOLSONARO,13166592,13901148,"48,64","51,36",0.07000000000000028,-0.07000000000000028
2022-10-30 17:54:11.855499,"23,05",2.719999999999999,LULA,JAIR BOLSONARO,13166592,13901148,"48,64","51,36",0.07000000000000028,-0.07000000000000028
2022-10-30 17:54:22.095545,"23,05",2.719999999999999,LULA,JAIR BOLSONARO,13166592,13901148,"48,64","51,36",0.07000000000000028,-0.07000000000000028
2022-10-30 17:54:32.327704,"23,75",2.5999999999999943,LULA,JAIR BOLSONARO,13581265,14309202,"48,70","51,30",0.060000000000002274,-0.060000000000002274
2022-10-30 17:54:42.575082,"23,75",2.5999999999999943,LULA,JAIR BOLSONARO,13581265,14309202,"48,70","51,30",0.060000000000002274,-0.060000000000002274
2022-10-30 17:54:52.836646,"23,75",2.5999999999999943,LULA,JAIR BOLSONARO,13581265,14309202,"48,70","51,30",0.060000000000002274,-0.060000000000002274
2022-10-30 17:55:03.121276,"23,75",2.5999999999999943,LULA,JAIR BOLSONARO,13581265,14309202,"48,70","51,30",0.060000000000002274,-0.060000000000002274
2022-10-30 17:55:13.363361,"23,75",2.5999999999999943,LULA,JAIR BOLSONARO,13581265,14309202,"48,70","51,30",0.060000000000002274,-0.060000000000002274
2022-10-30 17:55:23.596779,"23,75",2.5999999999999943,LULA,JAIR BOLSONARO,13581265,14309202,"48,70","51,30",0.060000000000002274,-0.060000000000002274
2022-10-30 17:55:33.852030,"24,48",2.5400000000000063,LULA,JAIR BOLSONARO,14005550,14734283,"48,73","51,27",0.02999999999999403,-0.02999999999999403
2022-10-30 17:55:44.100525,"24,48",2.5400000000000063,LULA,JAIR BOLSONARO,14005550,14734283,"48,73","51,27",0.02999999999999403,-0.02999999999999403
2022-10-30 17:55:54.346760,"24,48",2.5400000000000063,LULA,JAIR BOLSONARO,14005550,14734283,"48,73","51,27",0.02999999999999403,-0.02999999999999403
2022-10-30 17:56:04.582484,"24,48",2.5400000000000063,LULA,JAIR BOLSONARO,14005550,14734283,"48,73","51,27",0.02999999999999403,-0.02999999999999403
2022-10-30 17:56:14.804714,"24,48",2.5400000000000063,LULA,JAIR BOLSONARO,14005550,14734283,"48,73","51,27",0.02999999999999403,-0.02999999999999403
2022-10-30 17:56:25.104414,"24,48",2.5400000000000063,LULA,JAIR BOLSONARO,14005550,14734283,"48,73","51,27",0.02999999999999403,-0.02999999999999403
2022-10-30 17:56:35.337738,"25,27",2.519999999999996,LULA,JAIR BOLSONARO,14461532,15210968,"48,74","51,26",0.010000000000005116,-0.010000000000005116
2022-10-30 17:56:45.597408,"25,27",2.519999999999996,LULA,JAIR BOLSONARO,14461532,15210968,"48,74","51,26",0.010000000000005116,-0.010000000000005116
2022-10-30 17:56:55.795240,"25,27",2.519999999999996,LULA,JAIR BOLSONARO,14461532,15210968,"48,74","51,26",0.010000000000005116,-0.010000000000005116
2022-10-30 17:57:04.706985,"25,27",2.519999999999996,LULA,JAIR BOLSONARO,14461532,15210968,"48,74","51,26",48.74,51.26
2022-10-30 17:57:14.898273,"25,27",2.519999999999996,LULA,JAIR BOLSONARO,14461532,15210968,"48,74","51,26",48.74,51.26
2022-10-30 17:57:25.088717,"25,27",2.519999999999996,LULA,JAIR BOLSONARO,14461532,15210968,"48,74","51,26",48.74,51.26
2022-10-30 17:57:35.347660,"26,04",2.4599999999999937,LULA,JAIR BOLSONARO,14904583,15656219,"48,77","51,23",0.030000000000001137,-0.030000000000001137
2022-10-30 17:57:45.559564,"26,04",2.4599999999999937,LULA,JAIR BOLSONARO,14904583,15656219,"48,77","51,23",0.030000000000001137,-0.030000000000001137
2022-10-30 17:57:55.800245,"26,04",2.4599999999999937,LULA,JAIR BOLSONARO,14904583,15656219,"48,77","51,23",0.030000000000001137,-0.030000000000001137
2022-10-30 17:58:06.039013,"26,04",2.4599999999999937,LULA,JAIR BOLSONARO,14904583,15656219,"48,77","51,23",0.030000000000001137,-0.030000000000001137
2022-10-30 17:58:16.259907,"26,04",2.4599999999999937,LULA,JAIR BOLSONARO,14904583,15656219,"48,77","51,23",0.030000000000001137,-0.030000000000001137
2022-10-30 17:58:26.472249,"26,04",2.4599999999999937,LULA,JAIR BOLSONARO,14904583,15656219,"48,77","51,23",0.030000000000001137,-0.030000000000001137
2022-10-30 17:58:36.669090,"26,88",2.3400000000000034,LULA,JAIR BOLSONARO,15411072,16149345,"48,83","51,17",0.05999999999999517,-0.05999999999999517
2022-10-30 17:58:46.865548,"26,88",2.3400000000000034,LULA,JAIR BOLSONARO,15411072,16149345,"48,83","51,17",0.05999999999999517,-0.05999999999999517
2022-10-30 17:58:57.027135,"26,88",2.3400000000000034,LULA,JAIR BOLSONARO,15411072,16149345,"48,83","51,17",0.05999999999999517,-0.05999999999999517
2022-10-30 17:59:07.273626,"26,88",2.3400000000000034,LULA,JAIR BOLSONARO,15411072,16149345,"48,83","51,17",0.05999999999999517,-0.05999999999999517
2022-10-30 17:59:17.460317,"26,88",2.3400000000000034,LULA,JAIR BOLSONARO,15411072,16149345,"48,83","51,17",0.05999999999999517,-0.05999999999999517
2022-10-30 17:59:27.640242,"26,88",2.3400000000000034,LULA,JAIR BOLSONARO,15411072,16149345,"48,83","51,17",0.05999999999999517,-0.05999999999999517
2022-10-30 17:59:37.940374,"26,88",2.3400000000000034,LULA,JAIR BOLSONARO,15411072,16149345,"48,83","51,17",0.05999999999999517,-0.05999999999999517
2022-10-30 17:59:48.215333,"26,88",2.3400000000000034,LULA,JAIR BOLSONARO,15411072,16149345,"48,83","51,17",0.05999999999999517,-0.05999999999999517
2022-10-30 17:59:58.387759,"27,70",2.260000000000005,LULA,JAIR BOLSONARO,15889140,16624655,"48,87","51,13",0.03999999999999915,-0.03999999999999915
2022-10-30 18:00:08.680948,"27,70",2.260000000000005,LULA,JAIR BOLSONARO,15889140,16624655,"48,87","51,13",0.03999999999999915,-0.03999999999999915
2022-10-30 18:00:18.829978,"27,70",2.260000000000005,LULA,JAIR BOLSONARO,15889140,16624655,"48,87","51,13",0.03999999999999915,-0.03999999999999915
2022-10-30 18:00:29.032121,"27,70",2.260000000000005,LULA,JAIR BOLSONARO,15889140,16624655,"48,87","51,13",0.03999999999999915,-0.03999999999999915
2022-10-30 18:00:39.232255,"27,70",2.260000000000005,LULA,JAIR BOLSONARO,15889140,16624655,"48,87","51,13",0.03999999999999915,-0.03999999999999915
2022-10-30 18:00:49.428433,"27,70",2.260000000000005,LULA,JAIR BOLSONARO,15889140,16624655,"48,87","51,13",0.03999999999999915,-0.03999999999999915
2022-10-30 18:00:59.573499,"28,50",2.200000000000003,LULA,JAIR BOLSONARO,16365172,17098794,"48,90","51,10",0.030000000000001137,-0.030000000000001137
2022-10-30 18:01:09.835579,"28,50",2.200000000000003,LULA,JAIR BOLSONARO,16365172,17098794,"48,90","51,10",0.030000000000001137,-0.030000000000001137
2022-10-30 18:01:20.056846,"28,50",2.200000000000003,LULA,JAIR BOLSONARO,16365172,17098794,"48,90","51,10",0.030000000000001137,-0.030000000000001137
2022-10-30 18:01:30.248223,"28,50",2.200000000000003,LULA,JAIR BOLSONARO,16365172,17098794,"48,90","51,10",0.030000000000001137,-0.030000000000001137
2022-10-30 18:01:40.438655,"28,50",2.200000000000003,LULA,JAIR BOLSONARO,16365172,17098794,"48,90","51,10",0.030000000000001137,-0.030000000000001137
2022-10-30 18:01:50.641999,"28,50",2.200000000000003,LULA,JAIR BOLSONARO,16365172,17098794,"48,90","51,10",0.030000000000001137,-0.030000000000001137
2022-10-30 18:02:00.871149,"29,33",2.1200000000000045,LULA,JAIR BOLSONARO,16846028,17577548,"48,94","51,06",0.03999999999999915,-0.03999999999999915
2022-10-30 18:02:11.204453,"29,33",2.1200000000000045,LULA,JAIR BOLSONARO,16846028,17577548,"48,94","51,06",0.03999999999999915,-0.03999999999999915
2022-10-30 18:02:21.442751,"29,33",2.1200000000000045,LULA,JAIR BOLSONARO,16846028,17577548,"48,94","51,06",0.03999999999999915,-0.03999999999999915
2022-10-30 18:02:31.694340,"29,33",2.1200000000000045,LULA,JAIR BOLSONARO,16846028,17577548,"48,94","51,06",0.03999999999999915,-0.03999999999999915
2022-10-30 18:02:41.925029,"29,33",2.1200000000000045,LULA,JAIR BOLSONARO,16846028,17577548,"48,94","51,06",0.03999999999999915,-0.03999999999999915
2022-10-30 18:02:52.124398,"29,33",2.1200000000000045,LULA,JAIR BOLSONARO,16846028,17577548,"48,94","51,06",0.03999999999999915,-0.03999999999999915
2022-10-30 18:03:02.424151,"30,10",2.1200000000000045,LULA,JAIR BOLSONARO,17287621,18036707,"48,94","51,06",0.03999999999999915,-0.03999999999999915
2022-10-30 18:03:12.678118,"30,10",2.1200000000000045,LULA,JAIR BOLSONARO,17287621,18036707,"48,94","51,06",0.03999999999999915,-0.03999999999999915
2022-10-30 18:03:22.829781,"30,10",2.1200000000000045,LULA,JAIR BOLSONARO,17287621,18036707,"48,94","51,06",0.03999999999999915,-0.03999999999999915
2022-10-30 18:03:33.042259,"30,10",2.1200000000000045,LULA,JAIR BOLSONARO,17287621,18036707,"48,94","51,06",0.03999999999999915,-0.03999999999999915
2022-10-30 18:03:43.241807,"30,10",2.1200000000000045,LULA,JAIR BOLSONARO,17287621,18036707,"48,94","51,06",0.03999999999999915,-0.03999999999999915
2022-10-30 18:03:53.450702,"30,10",2.1200000000000045,LULA,JAIR BOLSONARO,17287621,18036707,"48,94","51,06",0.03999999999999915,-0.03999999999999915
2022-10-30 18:04:03.626941,"30,10",2.1200000000000045,LULA,JAIR BOLSONARO,17287621,18036707,"48,94","51,06",0.03999999999999915,-0.03999999999999915
2022-10-30 18:04:13.878798,"30,10",2.1200000000000045,LULA,JAIR BOLSONARO,17287621,18036707,"48,94","51,06",0.03999999999999915,-0.03999999999999915
2022-10-30 18:04:24.056197,"30,10",2.1200000000000045,LULA,JAIR BOLSONARO,17287621,18036707,"48,94","51,06",0.03999999999999915,-0.03999999999999915
2022-10-30 18:04:34.232927,"30,90",2.0799999999999983,LULA,JAIR BOLSONARO,17756335,18511262,"48,96","51,04",0.020000000000003126,-0.020000000000003126
2022-10-30 18:04:44.441965,"30,90",2.0799999999999983,LULA,JAIR BOLSONARO,17756335,18511262,"48,96","51,04",0.020000000000003126,-0.020000000000003126
2022-10-30 18:04:54.606222,"30,90",2.0799999999999983,LULA,JAIR BOLSONARO,17756335,18511262,"48,96","51,04",0.020000000000003126,-0.020000000000003126
2022-10-30 18:05:04.850047,"30,90",2.0799999999999983,LULA,JAIR BOLSONARO,17756335,18511262,"48,96","51,04",0.020000000000003126,-0.020000000000003126
2022-10-30 18:05:15.127524,"30,90",2.0799999999999983,LULA,JAIR BOLSONARO,17756335,18511262,"48,96","51,04",0.020000000000003126,-0.020000000000003126
2022-10-30 18:05:25.329108,"30,90",2.0799999999999983,LULA,JAIR BOLSONARO,17756335,18511262,"48,96","51,04",0.020000000000003126,-0.020000000000003126
2022-10-30 18:05:35.491195,"31,67",1.980000000000004,LULA,JAIR BOLSONARO,18215272,18947928,"49,01","50,99",0.04999999999999716,-0.04999999999999716
2022-10-30 18:05:45.682648,"31,67",1.980000000000004,LULA,JAIR BOLSONARO,18215272,18947928,"49,01","50,99",0.04999999999999716,-0.04999999999999716
2022-10-30 18:05:55.878039,"31,67",1.980000000000004,LULA,JAIR BOLSONARO,18215272,18947928,"49,01","50,99",0.04999999999999716,-0.04999999999999716
2022-10-30 18:06:06.064206,"31,67",1.980000000000004,LULA,JAIR BOLSONARO,18215272,18947928,"49,01","50,99",0.04999999999999716,-0.04999999999999716
2022-10-30 18:06:16.301499,"31,67",1.980000000000004,LULA,JAIR BOLSONARO,18215272,18947928,"49,01","50,99",0.04999999999999716,-0.04999999999999716
2022-10-30 18:06:26.468223,"31,67",1.980000000000004,LULA,JAIR BOLSONARO,18215272,18947928,"49,01","50,99",0.04999999999999716,-0.04999999999999716
2022-10-30 18:06:36.660535,"32,41",1.8199999999999932,LULA,JAIR BOLSONARO,18678290,19367570,"49,09","50,91",0.0800000000000054,-0.0800000000000054
2022-10-30 18:06:46.854695,"32,41",1.8199999999999932,LULA,JAIR BOLSONARO,18678290,19367570,"49,09","50,91",0.0800000000000054,-0.0800000000000054
2022-10-30 18:06:57.020571,"32,41",1.8199999999999932,LULA,JAIR BOLSONARO,18678290,19367570,"49,09","50,91",0.0800000000000054,-0.0800000000000054
2022-10-30 18:07:07.209666,"32,41",1.8199999999999932,LULA,JAIR BOLSONARO,18678290,19367570,"49,09","50,91",0.0800000000000054,-0.0800000000000054
